ID,Name,Age,Country,Salary
77138,David Williams,46,Gambia,39582
4421,Kevin Harrison,77,Micronesia,70784
72309,Gina Hodge,40,Togo,85046
55347,Natalie Hancock,23,Guinea-Bissau,77362
28206,Jeremy Cochran,80,Morocco,38031
92692,Robert Aguilar,24,Finland,56836
32406,Ashley Mcgrath,41,Brunei Darussalam,109184
46143,Brittany Miller,34,Malaysia,97048
38680,Christopher Leonard,78,Micronesia,107487
96812,Michaela Thomas,32,Ethiopia,93918
61862,Wesley Zuniga,25,Malaysia,109944
75308,Julie Gonzalez,33,Guinea-Bissau,107255
82239,Bethany Duffy,44,Kiribati,70036
48814,Crystal Sanders,35,Kenya,42630
73974,Michelle Ewing,59,Estonia,111454
62029,Theresa Barr,60,Turks and Caicos Islands,61824
56624,Jeremy Kennedy,37,Colombia,61552
33526,Deanna Osborne,23,Djibouti,113352
31943,Jason Rodriguez,75,Poland,94001
87301,James Pugh,45,El Salvador,92500
35975,Jessica Lowery,67,Bangladesh,67519
10174,Nathan Pearson,48,Chile,111254
33516,Ann Robertson,70,Tajikistan,32636
80901,Lisa Nguyen,76,Bosnia and Herzegovina,79733
95756,Kelsey Guerra,21,Croatia,37405
52289,Cheryl Anderson,40,Bhutan,96350
16780,Kevin Vaughn,53,French Guiana,31909
26269,Steven Waters,24,Honduras,79516
50010,Matthew Sawyer,80,French Guiana,31023
70109,Michael Rose,26,Algeria,93598
50791,Angel Thomas,77,Cambodia,57142
6537,Brian Cross,30,Chad,115167
81549,Andrea Johnson,36,Ireland,74205
25200,Olivia Stuart,80,India,81878
38377,Andrew Medina,37,Somalia,75866
39704,Stephanie Holloway,60,Afghanistan,63337
61016,Travis Johnson,37,Qatar,77853
59991,Brooke Ayala,56,Cocos (Keeling) Islands,50713
73204,Christy Gonzalez,53,Malta,93648
13505,Kevin Martin,75,Oman,73708
98674,Dr. Shari Dyer PhD,50,New Caledonia,33316
69850,Marcia Johnson,62,United States Virgin Islands,89000
25389,Daniel Lawson,49,Bouvet Island (Bouvetoya),87868
69549,Ronald Olson,79,Svalbard & Jan Mayen Islands,96985
99641,Stephanie Hansen,52,Philippines,119360
71626,Sharon Chavez,48,Hungary,96987
92970,Katelyn Ross,46,Northern Mariana Islands,64972
57286,Brandon Williams,35,Haiti,112515
67689,Joshua Patton,62,Moldova,30222
60433,Patrick Castro,22,Lebanon,37001
95876,Leslie Welch,50,El Salvador,75150
50025,Natasha Boyd,32,Bahrain,67999
96965,Gabriel Shah,24,Morocco,36570
80858,Brenda Taylor,36,Uruguay,56450
30254,Dorothy Cordova,47,Jersey,98338
38270,Victoria Davis,21,Jersey,71520
35269,Heather Gardner,53,Israel,50847
60381,Brittany Larson,60,Moldova,45273
4879,Ashley Casey,27,Dominica,44552
77104,Erin Perez,77,Rwanda,71436
44704,Laura Evans,25,Antigua and Barbuda,76681
83026,Michael Cohen,44,Swaziland,33276
27964,Cody Contreras,41,Cuba,42821
27630,Travis Fisher,71,Croatia,72023
23184,James Berry,69,Czech Republic,112281
9364,Travis Costa,29,Kiribati,64959
57356,Steven Ellis,47,Ukraine,74479
95645,Alexander Mahoney,67,Switzerland,114011
40818,Emily Wilson,36,Moldova,51062
48644,Melissa Thomas,62,Namibia,37498
70913,Pamela Williams,46,Saint Kitts and Nevis,109315
17889,Gabriela Carter,18,United States Minor Outlying Islands,109036
8100,Amanda Schmitt,41,Jamaica,33700
96441,Robert Padilla,59,Niger,84797
85325,Robert Johnson,74,Slovenia,52205
58511,Tracy Fuller,23,Western Sahara,110252
24779,Christopher Gardner,22,Mauritania,103098
96491,Christopher Costa,61,Saint Barthelemy,69910
85512,Carrie Hodges,21,Finland,102956
73118,Scott Leblanc,62,Switzerland,65587
7735,Kelly Bailey,59,Lesotho,96518
82470,Stephanie Smith,40,Denmark,113142
18915,Debra Fuentes,23,Vanuatu,41504
33641,Jeanette Mayer,71,Latvia,41897
12859,Randall Johnson,66,Portugal,67273
89878,Melissa Harrington,57,Sierra Leone,94372
73223,Nicole Smith,45,Equatorial Guinea,87531
28297,Catherine Friedman,68,Latvia,101059
83107,Ashley Davis,79,Grenada,106683
94119,Monica Oliver,21,New Zealand,94583
29523,Gina Franco PhD,60,Cook Islands,56919
97112,Erica Holland,21,Niger,73444
55282,Crystal Acevedo,30,Romania,107429
72920,Ariel Robinson,36,American Samoa,113648
11376,Kathleen Lara,62,Finland,62010
97950,Christina Hubbard,44,Sierra Leone,97850
8237,Bridget Nunez,38,Belgium,66455
18907,Sabrina Aguilar,22,El Salvador,90923
12002,Michelle Ortiz,63,Cameroon,35081
49919,Cynthia Sanders,55,Guinea,111196
